        [
            {
                "id": 1,
                "name": "An Giang",
                "quan": [
                    "Thành phố Long Xuyên",
                    "Thành phố Châu Đốc",
                    "Huyện An Phú",
                    "Thị xã Tân Châu",
                    "Huyện Phú Tân",
                    "Huyện Châu Phú",
                    "Huyện Tịnh Biên",
                    "Huyện Tri Tôn",
                    "Huyện Châu Thành",
                    "Huyện Chợ Mới",
                    "Huyện Thoại Sơn"
                ]
            },
            {
                "id": 2,
                "name": "Bà Rịa – Vũng Tàu",
                "quan": [
                    "Thành phố Vũng Tàu",
                    "Thành phố Bà Rịa",
                    "Huyện Châu Đức",
                    "Huyện Xuyên Mộc",
                    "Huyện Long Điền",
                    "Huyện Đất Đỏ",
                    "Huyện Tân Thành"
                ]
            },
            {
                "id": 3,
                "name": "Bạc Liêu",
                "quan": [
                    "Thành phố Bạc Liêu",
                    "Huyện Hồng Dân",
                    "Huyện Phước Long",
                    "Huyện Vĩnh Lợi",
                    "Thị xã Giá Rai",
                    "Huyện Đông Hải",
                    "Huyện Hoà Bình"
                ]
            },
            {
                "id": 4,
                "name": "Bắc Giang",
                "quan": [
                    "Thành phố Bắc Giang",
                    "Huyện Yên Thế",
                    "Huyện Tân Yên",
                    "Huyện Lạng Giang",
                    "Huyện Lục Nam",
                    "Huyện Lục Ngạn",
                    "Huyện Sơn Động",
                    "Huyện Yên Dũng",
                    "Huyện Việt Yên",
                    "Huyện Hiệp Hòa"
                ]
            },
            {
                "id": 5,
                "name": "Bắc Kạn",
                "quan": [
                    "Thành Phố Bắc Kạn",
                    "Huyện Pác Nặm",
                    "Huyện Ba Bể",
                    "Huyện Ngân Sơn",
                    "Huyện Bạch Thông",
                    "Huyện Chợ Đồn",
                    "Huyện Chợ Mới",
                    "Huyện Na Rì"
                ]
            },
            {
                "id": 6,
            "name": "Bắc Ninh",
            "quan": [
                "Thành phố Bắc Ninh",
                "Huyện Yên Phong",
                "Huyện Quế Võ",
                "Huyện Tiên Du",
                "Thị xã Từ Sơn",
                "Huyện Thuận Thành",
                "Huyện Gia Bình",
                "Huyện Lương Tài"
            ]
        },
        {
            "id": 7,
            "name": "Bến Tre",
            "quan": [
                "Thành phố Bến Tre",
                "Huyện Châu Thành",
                "Huyện Chợ Lách",
                "Huyện Mỏ Cày Nam",
                "Huyện Giồng Trôm",
                "Huyện Bình Đại",
                "Huyện Ba Tri",
                "Huyện Thạnh Phú",
                "Huyện Mỏ Cày Bắc"
            ]
        },
        {
            "id": 8,
            "name": "Bình Dương",
            "quan": [
                "Thành phố Thủ Dầu Một",
                "Huyện Bàu Bàng",
                "Huyện Dầu Tiếng",
                "Thị xã Bến Cát",
                "Huyện Phú Giáo",
                "Thị xã Tân Uyên",
                "Thị xã Dĩ An",
                "Thị xã Thuận An",
                "Huyện Bắc Tân Uyên"
            ]
        },
        {
            "id": 9,
            "name": "Bình Định",
            "quan": [
                "Thành phố Qui Nhơn",
                "Huyện An Lão",
                "Huyện Hoài Nhơn",
                "Huyện Hoài Ân",
                "Huyện Phù Mỹ",
                "Huyện Vĩnh Thạnh",
                "Huyện Tây Sơn",
                "Huyện Phù Cát",
                "Thị xã An Nhơn",
                "Huyện Tuy Phước",
                "Huyện Vân Canh"
            ]
        },
        {
            "id": 10,
            "name": "Bình Phước",
            "quan": [
                "Thị xã Phước Long",
                "Thị xã Đồng Xoài",
                "Thị xã Bình Long",
                "Huyện Bù Gia Mập",
                "Huyện Lộc Ninh",
                "Huyện Bù Đốp",
                "Huyện Hớn Quản",
                "Huyện Đồng Phú",
                "Huyện Bù Đăng",
                "Huyện Chơn Thành",
                "Huyện Phú Riềng"
            ]
        },
        {
            "id": 11,
            "name": "Bình Thuận",
            "quan": [
                "Thành phố Phan Thiết",
                "Thị xã La Gi",
                "Huyện Tuy Phong",
                "Huyện Bắc Bình",
                "Huyện Hàm Thuận Bắc",
                "Huyện Hàm Thuận Nam",
                "Huyện Tánh Linh",
                "Huyện Đức Linh",
                "Huyện Hàm Tân",
                "Huyện Phú Quí"
            ]
        },
        {
            "id": 12,
            "name": "Cà Mau",
            "quan": [
                "Thành phố Cà Mau",
                "Huyện U Minh",
                "Huyện Thới Bình",
                "Huyện Trần Văn Thời",
                "Huyện Cái Nước",
                "Huyện Đầm Dơi",
                "Huyện Năm Căn",
                "Huyện Phú Tân",
                "Huyện Ngọc Hiển"
            ]
        },
        {
            "id": 13,
            "name": "Cao Bằng",
            "quan": [
                "Thành phố Cao Bằng",
                "Huyện Bảo Lâm",
                "Huyện Bảo Lạc",
                "Huyện Thông Nông",
                "Huyện Hà Quảng",
                "Huyện Trà Lĩnh",
                "Huyện Trùng Khánh",
                "Huyện Hạ Lang",
                "Huyện Quảng Uyên",
                "Huyện Phục Hoà",
                "Huyện Hoà An",
                "Huyện Nguyên Bình",
                "Huyện Thạch An"
            ]
        },
        {
            "id": 14,
            "name": "Cần Thơ",
            "quan": [
                "Quận Ninh Kiều",
                "Quận Ô Môn",
                "Quận Bình Thuỷ",
                "Quận Cái Răng",
                "Quận Thốt Nốt",
                "Huyện Vĩnh Thạnh",
                "Huyện Cờ Đỏ",
                "Huyện Phong Điền",
                "Huyện Thới Lai"
            ]
        },
        {
            "id": 15,
            "name": "Đà Nẵng",
            "quan": [
                "Quận Liên Chiểu",
                "Quận Thanh Khê",
                "Quận Hải Châu",
                "Quận Sơn Trà",
                "Quận Ngũ Hành Sơn",
                "Quận Cẩm Lệ",
                "Huyện Hòa Vang",
                "Huyện Hoàng Sa"
            ]
        },
        {
            "id": 16,
            "name": "Đắk Lắk",
            "quan": [
                "Thành phố Buôn Ma Thuột",
                "Thị Xã Buôn Hồ",
                "Huyện Ea H'leo",
                "Huyện Ea Súp",
                "Huyện Buôn Đôn",
                "Huyện Cư M'gar",
                "Huyện Krông Búk",
                "Huyện Krông Năng",
                "Huyện Ea Kar",
                "Huyện M'Đrắk",
                "Huyện Krông Bông",
                "Huyện Krông Pắc",
                "Huyện Krông A Na",
                "Huyện Lắk",
                "Huyện Cư Kuin"
            ]
        },
        {
            "id": 17,
            "name": "Đắk Nông",
            "quan": [
                "Thị xã Gia Nghĩa",
                "Huyện Đăk Glong",
                "Huyện Cư Jút",
                "Huyện Đắk Mil",
                "Huyện Krông Nô",
                "Huyện Đắk Song",
                "Huyện Đắk R'Lấp",
                "Huyện Tuy Đức"
            ]
        },
        {
            "id": 18,
            "name": "Điện Biên",
            "quan": [
                "Thành phố Điện Biên Phủ",
                "Thị Xã Mường Lay",
                "Huyện Mường Nhé",
                "Huyện Mường Chà",
                "Huyện Tủa Chùa",
                "Huyện Tuần Giáo",
                "Huyện Điện Biên",
                "Huyện Điện Biên Đông",
                "Huyện Mường Ảng",
                "Huyện Nậm Pồ"
            ]
        },
        {
            "id": 19,
            "name": "Đồng Nai",
            "quan": [
                "Thành phố Biên Hòa",
                "Thị xã Long Khánh",
                "Huyện Tân Phú",
                "Huyện Vĩnh Cửu",
                "Huyện Định Quán",
                "Huyện Trảng Bom",
                "Huyện Thống Nhất",
                "Huyện Cẩm Mỹ",
                "Huyện Long Thành",
                "Huyện Xuân Lộc",
                "Huyện Nhơn Trạch"
            ]
        },
        {
            "id": 20,
            "name": "Đồng Tháp",
            "quan": [
                "Thành phố Cao Lãnh",
                "Thành phố Sa Đéc",
                "Thị xã Hồng Ngự",
                "Huyện Tân Hồng",
                "Huyện Hồng Ngự",
                "Huyện Tam Nông",
                "Huyện Tháp Mười",
                "Huyện Cao Lãnh",
                "Huyện Thanh Bình",
                "Huyện Lấp Vò",
                "Huyện Lai Vung",
                "Huyện Châu Thành"
            ]
        },
            {
                "id": 21,
                "name": "Gia Lai",
                "quan": [
                    "Thành phố Pleiku",
                    "Thị xã An Khê",
                    "Thị xã Ayun Pa",
                    "Huyện KBang",
                    "Huyện Đăk Đoa",
                    "Huyện Chư Păh",
                    "Huyện Ia Grai",
                    "Huyện Mang Yang",
                    "Huyện Kông Chro",
                    "Huyện Đức Cơ",
                    "Huyện Chư Prông",
                    "Huyện Chư Sê",
                    "Huyện Đăk Pơ",
                    "Huyện Ia Pa",
                    "Huyện Krông Pa",
                    "Huyện Phú Thiện",
                    "Huyện Chư Pưh"
                ]
            },
        {
        "id": 22,
        "name": "Hà Giang",
        "quan": [
            "Huyện Đồng Văn",
            "Huyện Mèo Vạc",
            "Huyện Yên Minh",
            "Huyện Quản Bạ",
            "Huyện Vị Xuyên",
            "Huyện Bắc Mê",
            "Huyện Hoàng Su Phì",
            "Huyện Xín Mần",
            "Huyện Bắc Quang"
        ]
    },

        {
            "id": 23,
            "name": "Hà Nam"
        },
        {
            "id": 24,
            "name": "Hà Nội",
            "quan": [
                "Quận Ba Đình",
                "Quận Hoàn Kiếm",
                "Quận Tây Hồ",
                "Quận Long Biên",
                "Quận Cầu Giấy",
                "Quận Đống Đa",
                "Quận Hai Bà Trưng",
                "Quận Hoàng Mai",
                "Quận Thanh Xuân",
                "Huyện Sóc Sơn",
                "Huyện Đông Anh",
                "Huyện Gia Lâm",
                "Quận Nam Từ Liêm",
                "Huyện Thanh Trì",
                "Quận Bắc Từ Liêm",
                "Huyện Mê Linh",
                "Quận Hà Đông",
                "Thị xã Sơn Tây",
                "Huyện Ba Vì",
                "Huyện Phúc Thọ",
                "Huyện Đan Phượng",
                "Huyện Hoài Đức",
                "Huyện Quốc Oai",
                "Huyện Thạch Thất",
                "Huyện Chương Mỹ",
                "Huyện Thanh Oai",
                "Huyện Thường Tín",
                "Huyện Phú Xuyên",
                "Huyện Ứng Hòa",
                "Huyện Mỹ Đức"
            ]
        },
            {
                "id": 25,
                "name": "Hà Tĩnh",
                "quan": [
                    "Thành phố Hà Tĩnh",
                    "Thị xã Hồng Lĩnh",
                    "Huyện Hương Sơn",
                    "Huyện Đức Thọ",
                    "Huyện Vũ Quang",
                    "Huyện Nghi Xuân",
                    "Huyện Can Lộc",
                    "Huyện Hương Khê",
                    "Huyện Thạch Hà",
                    "Huyện Cẩm Xuyên",
                    "Huyện Kỳ Anh",
                    "Huyện Lộc Hà",
                    "Thị xã Kỳ Anh"
                ]
            },
            {
                "id": 26,
                "name": "Hải Dương",
                "quan": [
                    "Thành phố Hải Dương",
                    "Thành phố Chí Linh",
                    "Huyện Nam Sách",
                    "Huyện Kinh Môn",
                    "Huyện Kim Thành",
                    "Huyện Thanh Hà",
                    "Huyện Cẩm Giàng",
                    "Huyện Bình Giang",
                    "Huyện Gia Lộc",
                    "Huyện Tứ Kỳ",
                    "Huyện Ninh Giang",
                    "Huyện Thanh Miện"
                ]
            },
            {
                "id": 27,
                "name": "Hải Phòng",
                "quan": [
                    "Quận Hồng Bàng",
                    "Quận Ngô Quyền",
                    "Quận Lê Chân",
                    "Quận Hải An",
                    "Quận Kiến An",
                    "Quận Đồ Sơn",
                    "Quận Dương Kinh",
                    "Huyện Thuỷ Nguyên",
                    "Huyện An Dương",
                    "Huyện An Lão",
                    "Huyện Kiến Thuỵ",
                    "Huyện Tiên Lãng",
                    "Huyện Vĩnh Bảo",
                    "Huyện Cát Hải"
                ]
            },
            {
                "id": 28,
                "name": "Hậu Giang",
                "quan": [
                    "Thành phố Vị Thanh",
                    "Thị xã Ngã Bảy",
                    "Huyện Châu Thành A",
                    "Huyện Châu Thành",
                    "Huyện Phụng Hiệp",
                    "Huyện Vị Thuỷ",
                    "Huyện Long Mỹ",
                    "Thị xã Long Mỹ"
                ]
            },
            {
                "id": 29,
                "name": "Hòa Bình",
                "quan": [
                    "Thành phố Hòa Bình",
                    "Huyện Đà Bắc",
                    "Huyện Kỳ Sơn",
                    "Huyện Lương Sơn",
                    "Huyện Kim Bôi",
                    "Huyện Cao Phong",
                    "Huyện Tân Lạc",
                    "Huyện Mai Châu",
                    "Huyện Lạc Sơn",
                    "Huyện Yên Thủy",
                    "Huyện Lạc Thủy"
                ]
            },
            {
                "id": 30,
                "name": "Thành phố Hồ Chí Minh",
                "quan": [
                    "Quận 1",
                    "Quận 12",
                    "Quận Thủ Đức",
                    "Quận 9",
                    "Quận Gò Vấp",
                    "Quận Bình Thạnh",
                    "Quận Tân Bình",
                    "Quận Tân Phú",
                    "Quận Phú Nhuận",
                    "Quận 2",
                    "Quận 3",
                    "Quận 10",
                    "Quận 11",
                    "Quận 4",
                    "Quận 5",
                    "Quận 6",
                    "Quận 8",
                    "Quận Bình Tân",
                    "Quận 7",
                    "Huyện Củ Chi",
                    "Huyện Hóc Môn",
                    "Huyện Bình Chánh",
                    "Huyện Nhà Bè",
                    "Huyện Cần Giờ"
                ]
            },
            {
                "id": 31,
                "name": "Hưng Yên",
                "quan": [
                    "Thành phố Hưng Yên",
                    "Huyện Văn Lâm",
                    "Huyện Văn Giang",
                    "Huyện Yên Mỹ",
                    "Huyện Mỹ Hào",
                    "Huyện Ân Thi",
                    "Huyện Khoái Châu",
                    "Huyện Kim Động",
                    "Huyện Tiên Lữ",
                    "Huyện Phù Cừ"
                ]
            },
            {
                "id": 32,
                "name": "Khánh Hòa",
                "quan": [
                    "Thành phố Nha Trang",
                    "Thành phố Cam Ranh",
                    "Huyện Cam Lâm",
                    "Huyện Vạn Ninh",
                    "Thị xã Ninh Hòa",
                    "Huyện Khánh Vĩnh",
                    "Huyện Diên Khánh",
                    "Huyện Khánh Sơn",
                    "Huyện Trường Sa"
                ]
            },
            {
                "id": 33,
                "name": "Kiên Giang",
                "quan": [
                    "Thành phố Rạch Giá",
                    "Thị xã Hà Tiên",
                    "Huyện Kiên Lương",
                    "Huyện Hòn Đất",
                    "Huyện Tân Hiệp",
                    "Huyện Châu Thành",
                    "Huyện Giồng Riềng",
                    "Huyện Gò Quao",
                    "Huyện An Biên",
                    "Huyện An Minh",
                    "Huyện Vĩnh Thuận",
                    "Huyện Phú Quốc",
                    "Huyện Kiên Hải",
                    "Huyện U Minh Thượng",
                    "Huyện Giang Thành"
                ]
            },
            {
                "id": 34,
                "name": "Kon Tum",
                "quan": [
                    "Thành phố Kon Tum",
                    "Huyện Đắk Glei",
                    "Huyện Ngọc Hồi",
                    "Huyện Đắk Tô",
                    "Huyện Kon Plông",
                    "Huyện Kon Rẫy",
                    "Huyện Đắk Hà",
                    "Huyện Sa Thầy",
                    "Huyện Tu Mơ Rông",
                    "Huyện Ia H' Drai"
                ]
            },
            {
                "id": 35,
                "name": "Lai Châu",
                "quan": [
                    "Thành phố Lai Châu",
                    "Huyện Tam Đường",
                    "Huyện Mường Tè",
                    "Huyện Sìn Hồ",
                    "Huyện Phong Thổ",
                    "Huyện Than Uyên",
                    "Huyện Tân Uyên",
                    "Huyện Nậm Nhùn"
                ]
            },
            {
                "id": 36,
                "name": "Lạng Sơn",
                "quan": [
                    "Thành phố Lạng Sơn",
                    "Huyện Tràng Định",
                    "Huyện Bình Gia",
                    "Huyện Văn Lãng",
                    "Huyện Cao Lộc",
                    "Huyện Văn Quan",
                    "Huyện Bắc Sơn",
                    "Huyện Hữu Lũng",
                    "Huyện Chi Lăng",
                    "Huyện Lộc Bình",
                    "Huyện Đình Lập"
                ]
            },
            {
                "id": 37,
                "name": "Lào Cai",
                "quan": [
                    "Thành phố Lào Cai",
                    "Huyện Bát Xát",
                    "Huyện Mường Khương",
                    "Huyện Si Ma Cai",
                    "Huyện Bắc Hà",
                    "Huyện Bảo Thắng",
                    "Huyện Bảo Yên",
                    "Huyện Sa Pa",
                    "Huyện Văn Bàn"
                ]
            },
            {
                "id": 38,
                "name": "Lâm Đồng",
                "quan": [
                    "Thành phố Đà Lạt",
                    "Thành phố Bảo Lộc",
                    "Huyện Đam Rông",
                    "Huyện Lạc Dương",
                    "Huyện Lâm Hà",
                    "Huyện Đơn Dương",
                    "Huyện Đức Trọng",
                    "Huyện Di Linh",
                    "Huyện Bảo Lâm",
                    "Huyện Đạ Huoai",
                    "Huyện Đạ Tẻh",
                    "Huyện Cát Tiên"
                ]
            },
                {
                    "id": 39,
                    "name": "Long An",
                    "quan": [
                        "Thành phố Tân An",
                        "Thị xã Kiến Tường",
                        "Huyện Tân Hưng",
                        "Huyện Vĩnh Hưng",
                        "Huyện Mộc Hóa",
                        "Huyện Tân Thạnh",
                        "Huyện Thạnh Hóa",
                        "Huyện Đức Huệ",
                        "Huyện Đức Hòa",
                        "Huyện Bến Lức",
                        "Huyện Thủ Thừa",
                        "Huyện Tân Trụ",
                        "Huyện Cần Đước",
                        "Huyện Cần Giuộc",
                        "Huyện Châu Thành"
                    ]
                },
                {
                    "id": 40,
                    "name": "Nam Định",
                    "quan": [
                        "Thành phố Nam Định",
                        "Huyện Mỹ Lộc",
                        "Huyện Vụ Bản",
                        "Huyện Ý Yên",
                        "Huyện Nghĩa Hưng",
                        "Huyện Nam Trực",
                        "Huyện Trực Ninh",
                        "Huyện Xuân Trường",
                        "Huyện Giao Thủy",
                        "Huyện Hải Hậu"
                    ]
                },
                {
                    "id": 41,
                    "name": "Nghệ An",
                    "quan": [
                        "Thành phố Vinh",
                        "Thị xã Cửa Lò",
                        "Thị xã Thái Hoà",
                        "Huyện Quế Phong",
                        "Huyện Quỳ Châu",
                        "Huyện Kỳ Sơn",
                        "Huyện Tương Dương",
                        "Huyện Nghĩa Đàn",
                        "Huyện Quỳ Hợp",
                        "Huyện Quỳnh Lưu",
                        "Huyện Con Cuông",
                        "Huyện Tân Kỳ",
                        "Huyện Anh Sơn",
                        "Huyện Diễn Châu",
                        "Huyện Yên Thành",
                        "Huyện Đô Lương",
                        "Huyện Thanh Chương",
                        "Huyện Nghi Lộc",
                        "Huyện Nam Đàn",
                        "Huyện Hưng Nguyên",
                        "Thị xã Hoàng Mai"
                    ]
                },
                {
                    "id": 42,
                    "name": "Ninh Bình",
                    "quans": [
                        "Thành phố Ninh Bình",
                        "Thành phố Tam Điệp",
                        "Huyện Nho Quan",
                        "Huyện Gia Viễn",
                        "Huyện Hoa Lư",
                        "Huyện Yên Khánh",
                        "Huyện Kim Sơn",
                        "Huyện Yên Mô"
                    ]
                },
                {
                    "id": 43,
                    "name": "Ninh Thuận",
                    "quan": [
                        "Thành phố Phan Rang-Tháp Chàm",
                        "Huyện Bác Ái",
                        "Huyện Ninh Sơn",
                        "Huyện Ninh Hải",
                        "Huyện Ninh Phước",
                        "Huyện Thuận Bắc",
                        "Huyện Thuận Nam"
                    ]
                },
                {
                    "id": 44,
                    "name": "Phú Thọ",
                    "quan": [
                        "Thành phố Việt Trì",
                        "Thị xã Phú Thọ",
                        "Huyện Đoan Hùng",
                        "Huyện Hạ Hoà",
                        "Huyện Thanh Ba",
                        "Huyện Phù Ninh",
                        "Huyện Yên Lập",
                        "Huyện Cẩm Khê",
                        "Huyện Tam Nông",
                        "Huyện Lâm Thao",
                        "Huyện Thanh Sơn",
                        "Huyện Thanh Thuỷ",
                        "Huyện Tân Sơn"
                    ]
                },
                {
                    "id": 45,
                    "name": "Phú Yên",
                    "quans": [
                        "Thành phố Tuy Hoà",
                        "Thị xã Sông Cầu",
                        "Huyện Đồng Xuân",
                        "Huyện Tuy An",
                        "Huyện Sơn Hòa",
                        "Huyện Sông Hinh",
                        "Huyện Tây Hoà",
                        "Huyện Phú Hoà",
                        "Huyện Đông Hòa"
                    ]
                },
                {
                    "id": 46,
                    "name": "Quảng Bình",
                    "quan": [
                        "Thành Phố Đồng Hới",
                        "Huyện Minh Hóa",
                        "Huyện Tuyên Hóa",
                        "Huyện Quảng Trạch",
                        "Huyện Bố Trạch",
                        "Huyện Quảng Ninh",
                        "Huyện Lệ Thủy",
                        "Thị xã Ba Đồn"
                    ]
                },
                {
                    "id": 47,
                    "name": "Quảng Nam",
                    "quan": [
                        "Thành phố Tam Kỳ",
                        "Thành phố Hội An",
                        "Huyện Tây Giang",
                        "Huyện Đông Giang",
                        "Huyện Đại Lộc",
                        "Thị xã Điện Bàn",
                        "Huyện Duy Xuyên",
                        "Huyện Quế Sơn",
                        "Huyện Nam Giang",
                        "Huyện Phước Sơn",
                        "Huyện Hiệp Đức",
                        "Huyện Thăng Bình",
                        "Huyện Tiên Phước",
                        "Huyện Bắc Trà My",
                        "Huyện Nam Trà My",
                        "Huyện Núi Thành",
                        "Huyện Phú Ninh",
                        "Huyện Nông Sơn"
                    ]
                },
                {
                    "id": 48,
                    "name": "Quảng Ngãi",
                    "quan": [
                        "Thành phố Quảng Ngãi",
                        "Huyện Bình Sơn",
                        "Huyện Trà Bồng",
                        "Huyện Tây Trà",
                        "Huyện Sơn Tịnh",
                        "Huyện Tư Nghĩa",
                        "Huyện Sơn Hà",
                        "Huyện Sơn Tây",
                        "Huyện Minh Long",
                        "Huyện Nghĩa Hành",
                        "Huyện Mộ Đức",
                        "Huyện Đức Phổ",
                        "Huyện Ba Tơ",
                        "Huyện Lý Sơn"
                    ]
                },
                {
                    "id": 49,
                    "name": "Quảng Ninh",
                    "quan": [
                        "Thành phố Hạ Long",
                        "Thành phố Móng Cái",
                        "Thành phố Cẩm Phả",
                        "Thành phố Uông Bí",
                        "Huyện Bình Liêu",
                        "Huyện Tiên Yên",
                        "Huyện Đầm Hà",
                        "Huyện Hải Hà",
                        "Huyện Ba Chẽ",
                        "Huyện Vân Đồn",
                        "Huyện Hoành Bồ",
                        "Thị xã Đông Triều",
                        "Thị xã Quảng Yên",
                        "Huyện Cô Tô"
                    ]
                },
                {
                    "id": 50,
                    "name": "Quảng Trị",
                    "quan": [
                        "Thành phố Đông Hà",
                        "Thị xã Quảng Trị",
                        "Huyện Vĩnh Linh",
                        "Huyện Hướng Hóa",
                        "Huyện Gio Linh",
                        "Huyện Đa Krông",
                        "Huyện Cam Lộ",
                        "Huyện Triệu Phong",
                        "Huyện Hải Lăng"
                    ]
                },
                {
                    "id": 51,
                    "name": "Sóc Trăng",
                    "quans": [
                        "Thành phố Sóc Trăng",
                        "Huyện Châu Thành",
                        "Huyện Kế Sách",
                        "Huyện Mỹ Tú",
                        "Huyện Cù Lao Dung",
                        "Huyện Long Phú",
                        "Huyện Mỹ Xuyên",
                        "Thị xã Ngã Năm",
                        "Huyện Thạnh Trị",
                        "Thị xã Vĩnh Châu",
                        "Huyện Trần Đề"
                    ]
                },
                {
                    "id": 52,
                    "name": "Sơn La",
                    "quan": [
                        "Thành phố Sơn La",
                        "Huyện Quỳnh Nhai",
                        "Huyện Thuận Châu",
                        "Huyện Mường La",
                        "Huyện Bắc Yên",
                        "Huyện Phù Yên",
                        "Huyện Mộc Châu",
                        "Huyện Yên Châu",
                        "Huyện Mai Sơn",
                        "Huyện Sông Mã",
                        "Huyện Sốp Cộp",
                        "Huyện Vân Hồ"
                    ]
                },
                {
                    "id": 53,
                    "name": "Tây Ninh",
                    "quan": [
                        "Thành phố Tây Ninh",
                        "Huyện Tân Biên",
                        "Huyện Tân Châu",
                        "Huyện Dương Minh Châu",
                        "Huyện Châu Thành",
                        "Huyện Hòa Thành",
                        "Huyện Gò Dầu",
                        "Huyện Bến Cầu",
                        "Huyện Trảng Bàng"
                    ]
                },
                {
                    "id": 54,
                    "name": "Thái Bình",
                    "quans": [
                        "Thành phố Thái Bình",
                        "Huyện Quỳnh Phụ",
                        "Huyện Hưng Hà",
                        "Huyện Đông Hưng",
                        "Huyện Thái Thụy",
                        "Huyện Tiền Hải",
                        "Huyện Kiến Xương",
                        "Huyện Vũ Thư"
                    ]
                },
                {
                    "id": 55,
                    "name": "Thái Nguyên",
                    "quan": [
                        "Thành phố Thái Nguyên",
                        "Thành phố Sông Công",
                        "Huyện Định Hóa",
                        "Huyện Phú Lương",
                        "Huyện Đồng Hỷ",
                        "Huyện Võ Nhai",
                        "Huyện Đại Từ",
                        "Thị xã Phổ Yên",
                        "Huyện Phú Bình"
                    ]
                },
                {
                    "id": 56,
                    "name": "Thanh Hóa",
                    "quan": [
                        "Thành phố Thanh Hóa",
                        "Thị xã Bỉm Sơn",
                        "Thị xã Sầm Sơn",
                        "Huyện Mường Lát",
                        "Huyện Quan Hóa",
                        "Huyện Bá Thước",
                        "Huyện Quan Sơn",
                        "Huyện Lang Chánh",
                        "Huyện Ngọc Lặc",
                        "Huyện Cẩm Thủy",
                        "Huyện Thạch Thành",
                        "Huyện Hà Trung",
                        "Huyện Vĩnh Lộc",
                        "Huyện Yên Định",
                        "Huyện Thọ Xuân",
                        "Huyện Thường Xuân",
                        "Huyện Triệu Sơn",
                        "Huyện Thiệu Hóa",
                        "Huyện Nga Sơn",
                        "Huyện Như Xuân",
                        "Huyện Như Thanh",
                        "Huyện Nông Cống",
                        "Huyện Đông Sơn",
                        "Huyện Quảng Xương",
                        "Huyện Tĩnh Gia"
                    ]
                },
                {
                    "id": 57,
                    "name": "Thừa Thiên Huế",
                    "quan": [
                        "Thành phố Huế",
                        "Huyện Phong Điền",
                        "Huyện Quảng Điền",
                        "Huyện Phú Vang",
                        "Thị xã Hương Thủy",
                        "Thị xã Hương Trà",
                        "Huyện A Lưới",
                        "Huyện Phú Lộc",
                        "Huyện Nam Đông"
                    ]
                },
                {
                    "id": 58,
                    "name": "Tiền Giang",
                    "quan": [
                        "Thành phố Mỹ Tho",
                        "Thị xã Gò Công",
                        "Thị xã Cai Lậy",
                        "Huyện Tân Phước",
                        "Huyện Cái Bè",
                        "Huyện Cai Lậy",
                        "Huyện Châu Thành",
                        "Huyện Chợ Gạo",
                        "Huyện Gò Công Tây",
                        "Huyện Gò Công Đông",
                        "Huyện Tân Phú Đông"
                    ]
                },
                {
                    "id": 59,
                    "name": "Trà Vinh",
                    "quan": [
                        "Thành phố Trà Vinh",
                        "Huyện Càng Long",
                        "Huyện Cầu Kè",
                        "Huyện Tiểu Cần",
                        "Huyện Châu Thành",
                        "Huyện Cầu Ngang",
                        "Huyện Trà Cú",
                        "Huyện Duyên Hải",
                        "Thị xã Duyên Hải"
                    ]
                },
                {
                    "id": 60,
                    "name": "Tuyên Quang",
                    "quan": [
                        "Thành phố Tuyên Quang",
                        "Huyện Lâm Bình",
                        "Huyện Nà Hang",
                        "Huyện Chiêm Hóa",
                        "Huyện Hàm Yên",
                        "Huyện Yên Sơn",
                        "Huyện Sơn Dương"
                    ]
                },
                {
                    "id": 61,
                    "name": "Vĩnh Long",
                    "quan": [
                        "Thành phố Vĩnh Long",
                        "Huyện Long Hồ",
                        "Huyện Mang Thít",
                        "Huyện Vũng Liêm",
                        "Huyện Tam Bình",
                        "Thị xã Bình Minh",
                        "Huyện Trà Ôn",
                        "Huyện Bình Tân"
                    ]
                },
                {
                    "id": 62,
                    "name": "Vĩnh Phúc",
                    "quan": [
                        "Thành phố Vĩnh Yên",
                        "Thị xã Phúc Yên",
                        "Huyện Lập Thạch",
                        "Huyện Tam Dương",
                        "Huyện Tam Đảo",
                        "Huyện Bình Xuyên",
                        "Huyện Yên Lạc",
                        "Huyện Vĩnh Tường",
                        "Huyện Sông Lô"
                    ]
                },
                {
                    "id": 63,
                    "name": "Yên Bái",
                    "quan": [
                        "Thành phố Yên Bái",
                        "Thị xã Nghĩa Lộ",
                        "Huyện Lục Yên",
                        "Huyện Văn Yên",
                        "Huyện Mù Căng Chải",
                        "Huyện Trấn Yên",
                        "Huyện Trạm Tấu",
                        "Huyện Văn Chấn",
                        "Huyện Yên Bình"
                    ]
                }
 ]
            